<?xml version="1.0" encoding="utf-8" ?><dwsync><file name=".DS_Store" server="HD/Users/Doug/Sites/" local="3466735166" remote="318763443859631678" Dst="-1" /><file name="modern-responsive.css" server="HD/Users/Doug/Sites/" local="3465487934" remote="318763443858384446" Dst="-1" /><file name="modern.css" server="HD/Users/Doug/Sites/" local="3466735156" remote="318763443859631668" Dst="-1" /><file name="site.css" server="HD/Users/Doug/Sites/" local="3465487935" remote="318763443858384447" Dst="-1" /><file name="theme-dark.css" server="HD/Users/Doug/Sites/" local="3465487935" remote="318763443858384447" Dst="-1" /><file name=".DS_Store" server="HD/Applications/AMPPS/www/" local="3472261317" remote="318763443865157829" Dst="-1" /><file name="modern-responsive.css" server="HD/Applications/AMPPS/www/" local="3465487934" remote="318763443858384446" Dst="-1" /><file name="modern.css" server="HD/Applications/AMPPS/www/" local="3473710185" remote="318763443866606697" Dst="-1" /><file name="site.css" server="HD/Applications/AMPPS/www/" local="3465487935" remote="318763443858384447" Dst="-1" /><file name="theme-dark.css" server="HD/Applications/AMPPS/www/" local="3465487935" remote="318763443858384447" Dst="-1" /><file name="upload.css" server="HD/Applications/AMPPS/www/" local="3473786710" remote="318763443866683222" Dst="-1" /></dwsync>